CLUSTER1DIST,CLUSTER2DIST,CLUSTER3DIST,CLUSTER4DIST,Class
110.786643717,37.352718456,85.5534898095,320.280454318,van
48.1789271997,92.7464855186,34.9131181448,378.568559733,van
371.767715417,240.001968275,344.147730515,55.4838825075,saab
58.1613017917,119.836930769,23.0738947425,404.443740239,van
140.796188251,135.889933314,133.836347898,380.909149034,bus
696.731636734,570.7639829,672.947538682,285.183731335,bus
90.1978992334,56.5256541408,59.3434901113,342.773956155,bus
38.5721353584,138.132546404,48.9577615766,426.937239671,van
95.549296314,214.266192331,108.901277397,500.300618647,van
234.394960326,104.663959299,199.813052673,198.469899527,saab
51.5832339633,165.048126242,60.6555044377,451.589068754,van
90.8863049425,211.711289203,107.035471777,497.639030642,saab
82.2741078719,66.4179853357,66.1266150547,351.533080688,bus
61.785935504,76.9533233594,44.2287193867,362.407039968,van
201.710334455,71.6869037973,173.776117515,230.756224224,bus
365.432499411,235.437524146,340.834025324,73.7700333341,opel
103.808774321,236.030569156,136.513133502,520.606458679,van
212.915556562,85.8576005724,178.340981321,220.332031757,bus
417.896694921,288.792912268,392.152020036,20.2608543282,saab
389.233932778,257.522432374,361.957203573,42.8583646224,opel
74.7732480645,66.0565861671,64.124839326,350.25810914,bus
84.6162208215,216.619277019,118.276011171,502.091590467,van
76.9820435304,75.3481889368,51.0750332216,361.062090253,bus
35.8068795919,119.179785098,23.1174267294,405.812172092,bus
363.363293999,230.700025089,335.068019689,70.1596566277,saab
49.8590495909,93.3677127065,41.9841781936,381.207028553,van
67.0439797902,199.616510279,103.453239768,484.28286261,saab
430.346511809,299.851199391,402.745916948,18.9397945636,saab
296.129446739,167.008525459,265.531926176,133.535731616,bus
28.1259173381,118.453575615,50.4969842524,400.101373677,saab
78.5680891082,59.5218294078,58.2400568217,347.183232628,van
36.8582124649,126.997088849,35.158290894,415.433591105,saab
54.9724715299,130.487051373,28.6567063458,413.477238331,opel
380.656371845,248.265506215,350.434510884,58.8268613655,opel
132.71797778,55.3367814031,92.2327415758,309.413601217,opel
95.9165888995,54.1120557367,71.4443616991,338.105865992,van
58.0655958904,97.1806450691,71.5053048283,371.805481963,bus
235.929865905,192.117554055,214.181574881,376.367523331,van
422.612401884,294.495414864,397.286746593,30.647923553,saab
68.4902608121,82.5198265634,59.9238318083,367.347202001,bus
363.040994966,231.142154477,334.155293567,65.2888552366,opel
104.642780095,237.137177128,138.820264438,520.837879976,van
89.9179427373,63.8129593112,82.4412761824,338.3313125,van
133.001897829,42.9780499331,95.441233325,302.678217945,saab
416.432464184,284.509493648,388.337436283,39.7142218621,saab
94.4286218586,55.2028094942,84.1344009225,331.825056646,van
45.2207167801,171.293795498,77.3426532942,458.94057504,van
35.2373441977,115.146737583,63.6736917305,394.565770206,bus
77.352351135,70.8675340057,71.0313875592,351.682547219,van
131.322807715,20.7010718575,100.554883614,296.944553777,saab
27.561085358,140.206664521,61.0825017381,420.405931949,saab
87.287554818,77.1535467496,46.450834423,355.709901771,saab
407.41361787,275.544305287,380.407939479,52.0213919278,opel
76.3333008988,80.3375041687,41.4465803003,365.611192414,bus
691.620181188,564.953863051,666.111400457,278.375215165,bus
64.1121472586,167.515843955,63.0543322746,453.108238744,van
239.782954411,108.50164596,207.438771252,187.988048604,saab
73.5135717137,75.3377022217,69.2413707157,353.302009927,van
390.690520011,258.18375777,361.399410927,44.2843970052,opel
59.7448912135,192.063987192,95.677200098,477.808345488,van
301.574870018,168.119786986,269.931682132,127.93100335,opel
56.618633206,185.003737195,86.6516856073,471.36157567,opel
36.7575002701,163.317732583,72.0553982613,447.278442827,van
51.4478281962,88.1590674636,39.9111490512,374.714253022,bus
251.566142845,119.437233625,221.108554377,174.780163114,bus
33.4886969903,106.948145267,36.5019947207,392.798201139,opel
38.4475880402,108.126796753,59.821528053,388.273428164,bus
483.905181442,353.070871888,455.917857973,66.3470271987,opel
45.6020528717,110.821597065,38.6143835713,399.728188921,van
294.488915965,161.957789489,265.366751909,137.124493137,bus
412.448665201,286.357811097,388.886298317,45.9687156456,opel
471.462595575,339.903414481,442.944912849,59.2957656002,opel
193.66287209,67.9548318816,158.744388936,238.369349578,opel
80.0869641459,213.209074798,119.091328058,496.976656814,opel
59.7457816595,83.1823765953,42.373215816,368.785407003,van
305.778600667,173.272810262,277.736831945,119.892340948,opel
166.17371581,48.0049724096,135.358863835,260.747825721,saab
43.8713850489,98.432601185,52.7180103816,380.72826769,saab
400.036233642,269.178643611,372.713930003,29.7919555939,bus
55.1599676043,111.629527349,80.2735125592,384.280772637,bus
69.6290042016,75.8674263176,61.8951195054,360.400743365,bus
403.589154495,273.345754999,376.549130418,25.1320595676,bus
72.9646436715,194.075161667,91.4939791385,479.217869469,van
37.6914396927,119.228806821,42.5395300702,401.869615694,opel
81.6505641506,80.2469973024,41.9224906058,364.761510056,bus
736.299667544,609.938051097,711.759380562,323.065657442,bus
49.2066420934,91.8462267927,37.9483177307,377.677481217,van
96.5366170223,227.93553952,127.403771603,514.063691013,van
180.076125086,54.996754232,143.627298306,257.02594036,bus
77.7298142678,210.105147429,112.408162598,494.777333978,opel
443.499014008,311.609197836,415.589359366,33.4857853142,saab
149.764360334,41.7260419409,120.504350206,276.65226769,opel
320.171718654,190.086010469,295.032381983,109.173359471,saab
92.0493684178,53.7443408746,75.3733083962,337.130669056,van
38.1903080128,107.417168907,46.9870686316,394.343710256,bus
419.359405076,288.178495686,391.275097877,22.7991012566,opel
34.1147010262,111.168461247,41.028217346,398.691995177,saab
54.0486449979,82.1276626725,39.6424169116,369.384767713,bus
340.378006966,207.94771741,309.828703671,94.593531587,opel
36.436174691,110.829542885,61.0761280583,390.598013587,bus
173.533480418,156.819314423,158.317453297,386.310697002,bus
79.6543371456,73.4236635973,39.4510407796,359.541479691,van
56.8167231201,175.692895633,80.7150482784,464.451142122,van
110.032188137,238.605792,137.849560821,526.403648941,van
305.04719508,175.912668037,274.586347837,126.705902854,bus
443.816252548,313.4697363,416.260128788,26.4533441763,saab
308.103539782,177.256646634,274.527885321,130.052992346,opel
55.6616620854,97.8328256571,28.3452045078,381.007728817,opel
42.6696429105,97.7044439934,54.3415643738,380.24510992,bus
251.057847569,119.832047367,220.022371632,175.669075304,bus
45.5759961615,107.95233752,16.4352310172,395.713898187,van
84.7547026784,58.3181067598,68.5275084808,343.679067763,van
40.5522481018,116.249714735,36.7437779575,399.269489967,opel
114.95880056,245.849453073,146.482849572,532.120128747,opel
68.5549737518,76.7277314669,59.2705527103,357.000100305,van
98.2746499669,45.6931655289,77.7634118245,329.656915926,van
344.594799186,212.923403542,314.799480016,84.5812403439,opel
449.530005257,317.838525632,420.456524053,37.4782979618,saab
38.0029765428,106.031780029,57.8202267255,386.858217462,bus
189.343680713,58.4877010665,162.182926409,235.04776327,bus
40.6457184229,170.658325833,78.4453900404,454.057519284,saab
90.1767654449,57.8168606554,80.6396826543,334.68811604,van
59.4782483443,106.148753059,19.2799278679,391.86322948,van
92.5894142227,219.29783304,117.69406535,505.706940449,saab
37.4726250229,111.324608133,47.8681461787,398.571564237,van
86.78617186,60.9893005047,77.0876489367,339.179850254,van
39.9367628396,98.6753240484,31.3928243169,385.541516076,bus
49.9156911813,92.1914582597,33.633296279,378.635377399,bus
94.3641183189,52.9119662841,60.5843859306,338.681210902,van
336.901877445,204.94691258,307.792959989,88.146988707,bus
307.981481953,177.688986085,280.544012979,115.047631954,saab
70.5490129351,99.9555459995,28.2674055865,381.231374913,saab
241.079799291,112.75075865,208.951001956,190.465688821,saab
46.5173948766,171.463514416,77.342292561,455.880987559,van
395.913639101,269.528961294,370.718562819,48.8436446031,opel
234.161876116,180.824334579,205.289568704,362.537712546,van
91.2342974221,63.5865314045,84.6451700842,335.8811028,van
42.8341245517,157.854765452,63.4099000046,446.553294712,van
71.4764004837,201.423037848,102.889453389,488.275211759,saab
57.8386845123,89.0443989033,24.152847008,376.811857587,van
109.1925484,78.8490746683,64.3128433409,344.07109239,saab
35.4830498423,112.596712101,62.0154337128,392.368012736,bus
400.517388169,271.25316473,370.184833588,53.796996367,opel
46.2246365709,105.919914917,67.2253554739,383.091980885,bus
136.801130939,20.2183623484,104.284079411,293.359384404,opel
461.827703831,330.760412347,432.426181468,49.6344579714,opel
112.192564041,36.4584993664,87.2556073762,315.548313287,van
64.1195993914,89.9437900916,20.0525613972,376.615871702,bus
89.3397706853,61.6678050205,51.7713184938,346.295116365,saab
58.6104856328,149.462667499,47.3107495036,435.263436574,van
263.483960852,129.371866246,232.300181271,166.393002912,saab
257.956259909,128.22379801,223.304161221,180.374426175,bus
81.3324315763,102.985446428,33.7822618927,380.933725231,opel
378.254705227,246.558307863,347.554681192,55.0146654821,saab
37.7590681308,109.639812003,20.5180705377,397.965835742,van
669.671310738,540.586679059,642.969433503,252.353544097,bus
54.9751400736,109.97000853,22.2612941805,392.954196336,opel
57.3420598349,185.603407771,90.4444360842,473.219091139,van
61.8596429517,91.9216088635,32.933272212,374.274971402,saab
60.9046552089,83.7157618137,49.3789693958,369.841671554,opel
44.9380064768,176.148249427,84.6378946961,460.346379173,opel
346.677148116,213.551006966,315.601235768,86.033565648,opel
147.79426926,52.1469766722,106.348029688,294.949562499,saab
39.9230337789,164.308690507,66.2506514579,452.543255411,saab
397.20854551,267.945508595,371.219159283,32.1883615319,opel
434.231066169,306.663479691,407.447239307,41.7927412132,opel
86.8079767424,90.2119536206,40.0057798148,366.178956001,saab
403.871020037,274.177475326,375.421293774,35.00801934,saab
41.9123063802,105.363714703,59.9093600249,388.088552032,bus
60.6469803544,188.173805233,89.8331832821,474.041392937,van
390.821073928,260.434624764,361.660643724,40.9554858122,opel
626.861297279,501.657074082,603.154709356,218.334068386,bus
55.6082963784,103.029147216,43.5311178192,390.74883649,van
409.396274807,280.8671472,382.998179654,28.6640649265,bus
81.7100228008,67.9114671911,72.1503778132,348.757313641,van
109.875336751,48.4777121578,71.9285466181,326.78613223,bus
197.494419734,79.3107380879,164.393235319,238.656032017,opel
43.8765407263,105.466967227,36.3302686281,394.061915463,bus
81.8052970541,82.239532927,35.8113029446,363.664844078,bus
26.2159040681,148.879786325,64.6728460684,435.961517589,van
382.245064881,250.195583446,354.736171004,60.8751412163,saab
89.2754357374,219.888458488,119.854252401,504.46501605,opel
60.2584817773,95.2562332661,28.4861618789,382.679389591,bus
112.068577336,242.312685545,141.018644223,528.431949657,saab
346.898669392,214.684406923,318.040411927,79.7496345955,saab
210.425975645,84.2498022315,174.980486965,226.09265671,bus
162.502348986,42.1881449705,125.887637275,270.826857269,bus
97.6822984277,44.2677351584,76.1477499247,329.388056277,opel
390.0220089,258.493656742,362.511062202,40.0625163727,opel
98.1484448481,62.4978413711,57.4862541708,341.117588257,opel
226.755342663,93.1558402681,195.870454685,201.199158095,opel
47.2169972162,101.184257551,23.1926457868,389.987118528,van
56.176360029,84.8031731485,47.7344929646,370.811764131,saab
602.738537864,474.670712785,577.323353086,187.316239067,bus
97.7614772091,55.5108275569,61.4812851085,334.817153709,saab
53.7599556,89.9150887007,59.9807037187,369.509532784,bus
444.848192113,312.673506355,415.862666055,39.1642262545,saab
68.6654572992,70.8668185828,60.0206349399,354.780818278,bus
63.3086883935,89.6625360786,73.1864797527,366.055499369,bus
38.8918503817,107.267083376,58.6643896976,390.259964918,bus
81.6880360035,60.7847445997,63.3894835015,346.911180878,van
100.401286974,75.85869875,56.3788756414,347.226675269,saab
455.14204423,327.879407673,428.8241402,55.8726070459,opel
398.443617876,268.484592437,372.160465685,28.23707524,opel
79.5368406847,203.022345017,103.907382888,490.941377782,van
52.2509351697,93.3128146401,50.3990398578,379.555100899,van
121.459682307,17.355263641,93.0130228441,304.372954479,opel
39.0654914997,111.404677532,64.0330010119,389.890609041,bus
52.7890066786,89.7990432914,55.8852987698,374.542510028,bus
410.781462856,283.941433356,386.854188059,41.8538554749,opel
179.206260566,72.6974894756,138.173373769,269.711981599,opel
43.5440745235,145.651770933,43.3296505708,431.652777378,van
63.3753550373,81.6209505951,30.0398571666,369.890231039,bus
409.024862357,282.738344014,383.309016094,46.0287260101,bus
37.2801988475,145.127622374,46.3818522548,430.325380402,opel
113.452827317,45.021838879,81.3486534528,317.659283224,opel
62.2117643707,76.4334977353,55.8156413435,361.367356049,saab
445.045787337,313.784487787,417.314663076,32.3634796972,opel
44.5308817127,97.4105680922,51.2050663371,382.340535672,bus
110.61093267,238.157356754,138.340477875,525.541317327,van
455.685122454,325.454222243,428.325127699,41.7565996953,opel
81.3481396598,62.848724538,69.9040286292,342.676551311,van
261.466571527,129.441120885,233.161988366,163.665544994,bus
63.8149686681,78.5536579419,62.8666304059,359.594352595,bus
21.9875334249,152.418156976,63.0997323179,438.925414414,saab
51.3335467907,115.382123295,20.9658250157,401.815163002,van
437.830583703,307.10565214,410.109867253,27.7243758831,saab
65.2738862495,175.100364294,70.1274498224,460.748178312,van
377.747853503,245.496714797,349.268175502,52.6346788544,saab
47.2829718409,91.4400075243,48.4858579236,375.833985715,saab
104.733659471,238.100798352,140.839420684,522.743552249,van
128.004891415,259.611901453,159.737297519,544.512982415,saab
50.9461424066,103.171347651,70.0611120279,379.101764989,bus
371.466836778,241.463169813,343.660175491,51.8823729036,saab
44.5353211071,150.437774432,61.5457879842,439.123841095,van
88.0301642967,68.4739204081,82.9961952055,340.697273864,van
153.02612988,55.5812448228,113.627107763,291.395236437,bus
51.2538918143,99.4331452588,67.761551182,377.563778477,bus
461.30836956,332.425855156,434.594728015,48.4585680567,opel
74.4061370191,78.8651556522,76.485568695,356.147871562,bus
100.137564511,74.8848861657,55.9004903251,346.986602938,opel
104.702859684,39.6321634036,81.5290464717,322.309641212,opel
34.6550317575,109.772227708,57.5444334284,391.267022912,bus
423.718009797,291.218929975,394.501629171,29.1573424391,saab
77.57235478,82.4783570159,78.998836818,353.161616003,van
21.8664589294,145.157791303,58.3789021701,429.623716312,van
115.651051124,73.0597479879,70.7035304535,338.679994121,bus
150.755097513,44.8160013394,115.273472311,282.017061927,saab
414.783970069,284.050366618,388.853025215,40.0903606633,opel
110.317754809,239.830913304,137.586271185,526.552416781,saab
47.1174747425,176.994935453,81.6187626627,462.852990936,van
460.165738214,328.560490589,433.040785168,55.4436364077,opel
67.5442508739,76.3660171546,61.5287787835,357.885222129,van
54.8322352828,107.845434656,41.3645405945,395.419036995,bus
80.8479339632,60.830025284,63.4567161031,347.287505416,van
408.268628511,278.742250791,380.513912516,31.3900305529,saab
89.5197041221,80.9182660223,50.1249420807,354.34382204,saab
59.6320402645,86.3321618868,35.7064030475,373.314050657,opel
335.168865836,203.947064642,307.044685378,87.9078609574,saab
481.920212925,351.914153134,454.674397584,66.8763905882,opel
59.4689450563,192.316950309,96.4761214943,476.706799215,saab
184.261674328,59.3512036613,150.257627489,246.514050346,saab
92.0655832877,219.618698603,121.205569256,507.552412681,van
83.3405689092,199.472926424,94.2414145617,484.920161901,van
248.95486303,116.052126978,217.196020264,178.673970175,saab
52.0733331573,93.5473130349,61.4169473239,372.966555093,bus
51.923208935,103.372567812,69.1203068468,378.2081993,bus
146.52680924,22.7765839416,113.6158018,284.062939889,saab
94.7474096011,217.837638107,116.211686239,505.935820651,van
86.1352519362,219.101534856,120.992770109,504.532778735,van
47.364907116,100.133983123,57.48886691,384.3430572,bus
189.922111472,60.1599250004,161.588488509,242.882884984,saab
65.2283391335,99.9258423835,32.2064841079,383.647150411,van
53.8043216304,102.843231066,28.6437430967,390.782540063,van
689.877746145,563.415091718,664.665586606,276.995466422,bus
67.9216403373,91.8967440993,47.4967811393,378.48283768,bus
46.9940743723,98.0629164162,57.3230984734,381.013057543,bus
30.6440079968,161.414775582,73.7906445194,447.388602244,opel
415.048722473,282.564644597,385.41571247,34.2111534168,saab
99.7925850257,74.9259045728,54.1624982676,350.19001873,bus
247.937924139,119.256961961,214.878460108,183.973704148,opel
58.1421673668,78.5814162258,41.3186884907,365.622169484,bus
54.9413926481,98.0966195954,70.7537208816,375.203900057,bus
435.108920417,302.415812378,405.407425954,39.8539987719,saab
70.2900279279,82.8846462021,71.7229615855,357.992070608,van
159.12986403,30.9509511332,130.176669256,270.416897435,saab
35.2748129139,112.651290166,21.0544156554,400.758004809,bus
66.5635698119,76.3359428844,56.0326031752,358.199165295,van
333.141209438,200.778836973,303.766299676,95.6505181278,opel
39.699824006,167.860994207,73.5855856713,452.889361785,saab
59.5759366364,181.24176885,79.6377549821,467.010326029,van
148.464771667,111.598501675,122.737261737,356.797613526,van
80.9408341081,57.7270142659,53.9538359951,343.816196271,bus
59.0035119812,172.921128773,69.48793146,458.283279881,van
605.741188484,479.771087266,581.83642428,195.633702153,bus
73.0224323486,83.7240836083,32.036663662,366.796802083,bus
305.813289813,174.243171964,278.932733501,122.927377008,bus
50.9500287155,180.867649335,84.0487680968,466.573510626,saab
195.709657979,68.6982996591,161.425901325,237.058559892,saab
179.333423059,62.5198446579,145.680762692,252.19386713,bus
413.348654076,283.522624452,386.708165699,15.2044407365,saab
71.2204396652,72.649883524,48.7344992648,360.474265681,opel
123.367126197,64.0091710308,79.4761713886,326.652587956,bus
63.6158079891,167.95796848,62.617777177,453.425585535,van
53.6483963051,95.3151969837,66.6154397913,374.463450043,bus
55.6035504812,83.9534941265,46.150985023,370.896658408,bus
368.855917434,237.429311956,339.639689404,58.0129625007,saab
403.373133,274.353628327,375.25035139,35.6379519348,opel
285.93711481,153.327106462,256.432756914,139.971129945,opel
359.065623843,227.454377351,326.369477768,83.195770434,opel
228.927510418,99.5278010209,204.171367774,200.477289532,saab
87.4716149737,61.5281803408,77.4046588946,339.366658672,van
47.4781152333,93.5879275123,24.4230386846,380.923257124,bus
331.86635778,198.943603506,303.331463944,103.973228372,opel
50.324511186,96.6392983007,61.360683003,374.963632127,bus
49.6410518232,181.154328615,91.3887871601,466.111938077,van
59.9099776841,187.844693234,92.2854734971,475.689069055,van
254.715430679,123.983723029,219.301538113,183.056724045,saab
91.7117976386,225.233600904,129.441409211,510.138537868,van
462.964952265,334.297015805,436.470996996,52.5656600654,bus
453.470422217,322.124863021,424.34031015,40.2187893665,saab
724.604416234,597.174277892,699.608650617,309.392411378,bus
36.4246486065,108.755638824,59.0946598145,389.361961956,bus
273.229142344,142.479456681,247.412397059,160.1350337,saab
161.227208703,49.8009917175,124.79900007,273.05476194,saab
49.598847024,106.065850188,71.1667676559,382.583801301,bus
228.199421178,95.0774272688,195.156450108,203.003576368,opel
48.9666869015,92.1504572753,45.4649867325,376.335346225,opel
71.1820793888,88.9219262952,28.8026078436,374.311204238,van
113.291763276,49.670884591,76.5721425754,320.393210943,saab
52.1426622461,119.462740535,44.7454334943,406.485297665,van
261.710852328,129.846131926,234.423991559,162.300251442,opel
466.104964172,334.676166131,438.597359566,52.0939038479,opel
41.2845664397,105.445493863,60.806320548,384.662159067,bus
554.150266287,426.619869411,528.72853301,140.096086377,bus
454.355813681,323.770977044,426.560826868,35.9682223374,saab
67.8813422533,82.8652905386,67.9814829096,358.815940028,van
355.972870632,226.812450664,330.315633627,68.9313601934,bus
69.2146026942,84.3200117176,45.0646559799,370.280592008,van
60.2036030991,79.5379656268,31.6881936782,366.886820993,bus
45.3475294378,101.091196333,15.7987220556,388.424385458,bus
22.9959002022,132.682380805,45.3809102882,420.123787018,opel
35.8633437664,163.915415919,70.8813079633,448.234740976,saab
457.230245966,328.290166737,429.986917962,46.4864132636,opel
472.738287878,341.79954385,444.518065796,56.1717136832,opel
570.467385243,442.858305077,545.90514251,156.826377941,bus
410.728401046,277.929806203,380.936710778,42.3623632262,saab
75.4239579054,73.2290555453,48.6871792014,360.23436818,opel
51.2533435603,106.241921933,34.5166020719,394.097822397,van
53.6366015526,164.695196579,66.0864934657,452.554233455,opel
279.28922218,147.447949379,246.344971572,153.498491908,opel
33.693560603,113.167160325,49.0301725327,395.091733675,saab
60.6454155407,98.4692570097,64.6082457477,380.92313164,van
65.4562313772,85.3334329325,68.9404686566,365.748800433,bus
204.029556256,71.317428277,175.561737342,223.110298324,saab
229.96799783,99.620526881,199.118207652,195.561129108,opel
72.5362669712,75.9853076328,50.2302082276,363.39378891,bus
369.364699486,238.739317617,341.63155741,57.9941946932,saab
89.0756096028,48.953252967,65.1904902466,336.57028392,opel
251.785670812,118.321997008,218.983610845,178.046007027,opel
419.598536015,290.52450254,393.064120493,26.9853370946,saab
310.367869191,179.123076615,280.672487819,117.182853772,saab
152.110227881,23.0273962065,125.158198367,272.676435025,saab
72.9542447436,71.3729498903,64.6688968407,354.581343584,van
69.2704065681,68.0548527002,55.2536027657,354.033751241,opel
347.536160171,216.368541096,321.258471357,85.3305093042,saab
79.7769354269,64.7228906651,69.4998361048,347.458521292,van
40.6956069633,168.156200528,73.1904981442,453.49285487,saab
39.379982556,104.260378745,50.8283525071,389.938118447,bus
113.205946072,38.2551300619,96.9404312895,312.255091261,opel
208.011240624,85.4262370472,175.998271067,223.061808067,bus
129.663793042,28.2541921854,100.131560552,301.983691311,bus
87.5286526008,56.3287650854,64.3843258766,342.580260403,van
164.746524777,38.7842619635,131.627292073,269.784519975,bus
99.606908526,232.459520726,134.14144333,518.190737488,van
510.367922607,382.464529043,484.306997491,99.1687905448,bus
425.98794094,296.003325954,398.068524778,20.5338992427,saab
60.622317888,188.496464625,86.9287421892,475.272223276,saab
78.3441180058,210.012703368,111.307317004,494.720169609,saab
430.707006242,299.752340735,402.906877601,17.4232436162,opel
29.0609261055,155.857534871,66.4337099565,438.803082735,opel
668.040547741,539.016186562,642.079632459,251.503172581,bus
68.1609508891,78.9825169012,69.7193546914,358.573734144,bus
441.853856865,309.869359531,412.392621198,32.4447070893,opel
28.8425835547,125.223266113,47.2757000857,412.239577938,opel
97.2810116421,60.7818342603,87.3893976326,336.957921732,van
248.943062619,117.829768633,216.983351017,178.343496147,saab
69.607528516,75.8690791828,63.0906809172,358.972237949,van
286.428946208,238.910840642,263.761180272,390.939569522,van
489.893325966,359.754548791,461.856377263,72.992635369,opel
49.5551896991,108.368032076,69.3769213686,382.599725063,bus
50.5226446864,131.434866668,31.9980314799,417.494651245,van
80.0927064477,75.263636479,42.626088474,359.309163003,van
83.378094402,61.2603736199,68.3986404733,346.040425988,bus
204.120646251,78.461984273,181.290401893,227.457267675,saab
115.543814313,51.8791902023,81.5274838235,318.876274781,opel
706.356578667,580.131626595,682.332468243,294.225641673,bus
72.5229496512,69.1783201303,43.219352362,355.540549893,bus
143.842270651,54.1318166705,103.813850803,298.370446623,bus
42.3256473797,157.046539523,62.6646744074,445.692540905,van
363.327283349,230.709499969,333.247317496,67.3505710303,saab
74.194380017,82.2247041713,37.6961910356,363.256907186,opel
396.28028468,269.713029674,371.265697606,46.3304092159,opel
60.4245233834,135.217938071,38.2998096417,419.874853281,van
325.682503101,194.592889326,293.632736286,107.242011442,opel
71.2767116673,79.2354704413,31.1749164969,366.078181838,bus
47.2932492657,174.453541025,76.4957973917,459.712139951,opel
25.8599463671,122.441815472,36.0573185164,407.714879319,saab
45.9222040642,96.1472993695,41.1334148666,383.986629218,bus
158.04243489,51.5509085861,122.892426205,276.373329788,saab
122.760013955,28.3593648739,91.2119905418,309.555141805,saab
98.0289621801,230.878477507,132.718895484,515.965972345,opel
45.1956991993,97.5109254189,57.7626472609,379.110172665,bus
57.3178194466,142.899413491,42.461043541,427.466445488,opel
79.4646023466,69.44732519,71.3083727103,345.969628462,van
413.543953197,284.73102145,385.387249943,36.7299362661,opel
38.4082937152,118.792459256,40.4640015148,407.313354333,bus
87.4420243711,92.3471806611,39.4613104013,370.838891458,bus
67.1703820602,74.9322879408,49.1415182772,362.538395509,bus
60.4551174518,168.792333878,63.9567746106,454.414282146,saab
47.3804245033,179.002450754,89.4207538471,462.851708237,van
379.28914251,249.092295698,350.890876511,46.8469915588,opel
62.4341254933,137.777418237,37.3094923389,420.178290751,saab
48.060098066,107.859896978,70.788312726,384.939060136,bus
232.573112432,104.125361829,198.324538619,200.603709881,opel
57.2412144011,166.856119384,64.4504431218,451.784069018,opel
443.225535169,312.91741111,415.584797146,26.0058112373,opel
154.023447001,45.5786636054,119.098612161,279.060405321,opel
370.229949931,239.449425508,340.546104689,58.6803767721,saab
36.1625002746,146.433295312,44.6213919392,434.01313185,van
428.006433861,296.950397838,399.688626832,16.5379387503,saab
365.257160404,233.568719173,334.626277537,75.2633019347,bus
49.3992532951,100.52635165,38.0286236747,383.41499634,saab
43.3748593786,99.3816189044,56.5303849146,380.852738231,bus
371.22085182,243.691959605,346.619268678,59.5273686476,saab
64.5334473441,179.423203004,74.2727730638,465.879884754,van
36.4157002694,166.039444639,77.0734261506,451.341557158,van
42.052657777,100.8841245,52.1473970452,382.105433379,opel
206.731490166,74.3678477304,179.092836313,220.897752406,opel
317.217676724,186.592982655,284.52931311,118.891210012,saab
307.366422737,175.868638978,280.572158666,118.351589842,saab
93.1578081865,58.0534682517,84.7889203764,330.830219324,van
99.7374274087,226.288974491,122.651484372,512.629822989,van
250.90824623,117.120363627,220.747098777,176.095717773,opel
588.266459715,457.959054694,560.991430076,171.394461457,bus
73.357614643,73.2594988793,69.5111747749,351.643375905,van
261.835746273,128.7499568,233.235753731,164.409092869,saab
410.833583859,278.749138431,382.840015435,40.5769986336,opel
368.455633728,238.273180984,341.933958271,55.1282161702,bus
46.3307589632,110.457445091,26.2070032356,399.231758529,van
100.131852206,55.8411118805,76.630584094,338.062601626,bus
119.612674187,55.8387121632,80.3464885268,319.06441108,opel
118.985505109,57.4484358016,77.2260734376,322.998976807,opel
50.309230029,95.6579969268,34.1621137898,383.959022056,bus
342.168082711,209.34587117,312.399007391,85.7771532409,saab
38.1877287373,101.633471731,51.4436839524,385.453990274,bus
23.1530781131,145.009052738,67.9075932322,429.056307515,van
44.990250345,111.794516753,46.0314937688,399.826591685,van
448.831813518,317.827327925,422.517142633,49.356274354,opel
208.26820839,84.7806592098,171.331705235,229.647770767,saab
63.3114967925,179.036681649,82.1407451792,466.993031659,van
337.716607862,204.753018967,307.76463575,89.196455188,opel
154.135548872,23.1618992324,125.451779655,271.945120968,opel
53.6815557348,100.019704939,64.0904190858,375.047448756,opel
250.517904801,117.589647402,220.901689035,177.504089581,bus
49.3832848858,89.4310515204,46.4925350846,375.997685123,bus
36.201486518,102.791470347,43.8985628306,388.985666854,bus
412.853491721,285.005435696,388.032556648,34.0130213023,opel
443.54824656,313.156581243,415.191839778,28.6013219644,saab
68.9528579981,185.675478123,86.8360755596,473.427436698,van
29.8183001881,138.852224239,52.5568189543,427.383898642,van
447.874316551,315.425284618,418.946692813,40.142992142,opel
465.831515278,339.297568185,440.579479344,66.4265053884,bus
459.586009824,329.367869071,432.229468013,44.5901695232,opel
54.8203997259,86.5569834043,44.1466286209,369.045702614,opel
396.996206564,265.125961716,369.161825787,39.9564790505,saab
469.964698489,341.767615458,443.31639877,60.693756006,opel
86.5213454941,55.1341634202,70.9117847652,337.610234469,van
264.962611374,132.184234975,233.06425427,164.868086112,bus
36.0225322001,114.387222084,63.4150283339,393.533192778,bus
414.312839562,283.98702607,387.795535841,21.8448350442,saab
428.49730574,298.088085263,399.832690783,26.7340236049,opel
147.269430046,22.4506074762,120.689061719,279.480294508,opel
31.9358454735,125.978048786,28.7648260657,412.200411958,van
94.3847987025,55.179856615,83.7477738127,330.882037618,van
68.8488244352,84.1400889948,69.9030086519,365.367820173,bus
455.21768356,323.790660112,427.034185304,41.9557483321,opel
112.305688307,31.9001187466,86.6526769269,316.489601122,saab
58.859716497,93.9223688801,41.2121610522,374.441416537,opel
392.090211847,262.122280579,362.820886966,42.0513664238,opel
442.076913926,312.502989067,415.074542243,30.711447672,saab
99.8938167561,46.3583668398,66.8956651704,332.263175537,saab
45.5764042692,97.4397392035,57.2687281035,377.7088408,bus
435.651837855,307.859434119,410.457863146,35.7356183396,opel
626.834569425,501.370154852,603.07262599,217.905808592,bus
105.049452288,44.7696255965,80.9342400878,327.379921831,bus
417.12419161,285.032227259,387.908576882,30.8871335366,opel
74.7115294055,69.2110307397,59.7818652987,349.543088643,van
101.704428744,234.822470339,136.863035253,520.101832931,van
423.182891226,296.256237362,398.557818163,42.566663225,opel
489.080845695,359.430394897,461.321742408,73.5246884938,opel
437.259278262,308.533826956,411.323418758,28.16015302,opel
52.8486577513,181.212229102,83.1418199139,466.720373048,opel
29.4545077384,114.798119218,37.7204403287,398.644234899,saab
307.077779115,174.641786455,277.27350039,120.119012725,opel
444.399285582,313.825049313,416.525655175,30.294867851,saab
400.211157049,269.467696721,370.667192261,39.435436071,saab
66.0314608812,98.3004820744,28.1994435865,380.477398301,opel
97.3342900838,46.2301154665,72.3836253485,330.257779951,van
410.618707107,281.921956889,385.263501799,30.5991408067,opel
32.0874465502,113.203128826,59.2480229087,394.30245576,bus
114.547856489,50.3097900617,82.1233731564,316.333676706,opel
459.297522991,330.406317095,431.680293294,50.80307292,opel
102.205965707,79.2182628947,59.5064199779,348.751122461,saab
38.6963541708,151.430840901,51.2549433576,437.393863489,van
45.2505627159,175.991533819,83.46227662,460.16029709,opel
67.2750668978,97.1801645196,33.6841686641,383.577586699,opel
440.483511866,308.170264263,411.403496605,36.6888187069,saab
51.1886278983,88.5483945425,45.9804438712,371.169679012,saab
56.5687955158,148.9753556,45.1978939619,434.76880525,van
193.866972499,70.2010325854,162.746120134,233.70300601,saab
34.1823818086,151.74146492,55.2203641657,438.427757126,van
59.0112025476,139.771911256,40.4210244624,423.726382726,saab
128.41731124,112.322144638,102.649486207,372.15218583,van
433.118755339,302.284664474,403.811024142,27.2746185695,opel
102.154579076,34.7490456855,78.4939234501,320.982995528,saab
257.802961632,125.631680623,226.522268704,170.299689425,saab
357.406112463,227.728598503,328.396461641,69.8289053194,opel
162.083635282,36.0165541946,130.446835985,269.606625694,bus
42.2963453044,110.09486444,65.7539490722,387.315086226,bus
189.140642978,58.6816306526,163.045978848,235.486400495,saab
640.219818833,514.430924008,615.911440402,229.757610577,bus
368.403271736,237.325826188,336.42823398,71.6956513194,saab
74.7413689071,204.391982172,107.282837484,492.330285701,van
42.0666426769,174.054142657,85.7826860071,457.209917891,van
97.3110796678,52.5739838328,60.4524757027,337.358501031,van
454.233323773,323.26800271,426.066909087,38.1822474209,saab
81.4652749711,203.234313973,102.211956339,491.29690984,van
333.053510154,201.118778278,301.750201356,97.915836401,opel
594.574186478,466.988751659,569.579881859,180.385503348,bus
109.117565158,43.1336200202,79.9011215102,325.868992723,bus
78.1639445404,194.008370376,88.824224278,479.357938516,van
147.122287319,52.4761524509,107.502187041,293.021318027,saab
111.296539147,58.4807453445,70.0487759964,330.826965676,saab
74.2406319081,74.3615100442,51.152495722,361.164847152,bus
69.1436925982,75.8193535718,59.9482361591,356.504662267,van
33.7276833789,159.441539054,75.17507312,440.931428249,van
39.7840674908,108.929286127,37.482761619,396.611598189,bus
96.623777747,61.6521368328,56.1579541881,342.853157223,bus
404.053794471,275.098087918,378.044011748,28.6615076036,saab
93.0803944239,225.543101814,129.11416893,512.026771779,van
22.7418122873,136.524983706,50.3707158832,420.192428321,opel
182.855695088,59.0145319057,150.391326939,245.99928906,saab
43.6886441322,110.305322519,69.0878644813,388.980332688,bus
345.525902395,213.937966187,314.234924887,86.5342418821,saab
204.024907857,73.6273031969,177.982766072,223.884319277,opel
598.389019473,467.599823969,570.102779171,180.920170291,bus
19.6996402533,146.557896328,51.9461511432,433.771059913,saab
42.2744819733,110.159191065,66.671575792,388.0384007,bus
438.022420004,305.789938317,409.122675513,35.7047618408,saab
443.743558631,315.512239661,418.125870544,37.8496131831,opel
148.982897093,41.294633744,113.998159716,286.99127969,opel
417.740640381,287.998219397,389.38411141,25.4924698315,saab
36.1850663411,110.797463762,39.4040888562,396.51076255,opel
112.253567543,80.1545118883,67.3739847314,344.45542588,bus
189.739698076,57.5423094431,158.27994762,238.980476228,saab
389.457081109,258.186403933,362.970544561,51.7460222443,saab
104.748554291,40.8951094393,74.8914615867,321.889065701,saab
43.4303905821,106.956103033,65.546649179,385.491786966,bus
77.1106790666,188.676202994,84.1147086935,474.384237953,van
445.82850495,315.283121616,416.944839539,37.314731918,saab
75.5346306412,68.8312616189,58.851807267,354.210295754,saab
80.7364157373,64.5296457146,54.1719966273,352.037047508,van
87.672902462,65.7470043124,79.9707572716,338.636940422,van
361.892180388,229.293002022,333.519999728,67.4232201701,opel
415.027082762,282.882776386,385.935057773,24.8333207226,saab
442.077127689,311.042421827,413.993641761,26.8183448056,saab
340.376435474,210.005239878,315.298623242,93.5704345299,opel
132.918479626,23.4575100139,99.8672029176,294.654739344,opel
69.4899807606,197.241049926,96.7803390084,485.136250983,opel
40.0755265232,109.78099187,60.9275604188,388.233804837,bus
38.4228216833,140.520167862,41.5465427995,425.43743655,van
442.356615217,313.795103811,415.992943472,34.8859057229,saab
402.482305234,272.28804817,376.137048187,27.6519442013,saab
352.114872202,221.300171658,324.482634387,70.3208263469,bus
110.257363591,235.872106397,132.114476946,522.783933971,van
467.843503991,340.821485497,442.607483464,65.368527734,opel
39.2790278152,150.370898036,51.3231801294,435.07973846,opel
41.863351826,111.337512888,19.9764716251,397.575150906,opel
475.62499054,344.17006258,447.383402484,58.3323548137,opel
41.2104504478,105.187512453,61.3265767721,385.333155617,bus
65.9588904251,193.967423492,93.4961283615,479.938745902,opel
59.0756703399,80.4760074559,56.5939874774,363.425621026,bus
40.049245013,112.363165566,42.9446925544,399.202350717,saab
51.4545802248,184.724140751,95.7124590562,468.711403764,van
216.007192533,85.6971748429,190.347239588,212.600618574,opel
194.413842167,70.1042792991,163.574441826,232.61077623,opel
73.2461359125,199.153811352,103.73423841,486.97915296,van
255.021302691,131.410418065,227.197104336,173.547180381,bus
60.1046007067,178.882016357,81.2456104574,467.020492503,saab
155.882188932,32.2406571901,122.950078563,277.623515247,bus
58.9098347147,138.309753727,36.4563961273,424.016777284,van
460.785784097,328.744134512,431.077209115,49.2305049549,opel
119.883654541,56.9662213601,78.7989798068,323.499109455,saab
187.600830025,65.5169411378,154.127758105,243.590990839,opel
449.006155443,317.325149612,419.416640608,39.9707195095,saab
54.9560681464,153.83250364,50.1213289787,439.031981088,van
101.798059049,228.356222985,127.989252746,516.120022687,van
57.6903668398,175.559154065,74.1686457918,459.920071989,opel
41.8908012111,113.993715511,67.1154067155,390.263114345,bus
380.008684146,250.72870513,354.220900313,47.0582364535,opel
89.3532821228,64.041797102,81.7252214349,339.285294727,van
122.922885689,254.96731276,155.300723819,539.214799146,opel
126.148029815,54.7459055643,84.5418536501,317.407136054,bus
119.699142963,251.660234396,152.493131054,535.520975703,saab
63.3227780985,151.992344465,49.1240248615,434.856237874,opel
39.8934835043,131.918123759,34.0665410423,419.798239894,opel
84.702686062,218.539675519,122.954001231,503.324323094,van
52.2829707085,176.71974416,77.8583342911,463.71417966,van
413.554102175,286.677091125,389.213132896,39.339865507,opel
458.484603478,326.319696274,429.362837957,49.3601095837,saab
67.5853699118,90.7870573157,72.2844576558,370.577390052,van
213.390128699,87.8693426404,181.309198384,217.206460811,saab
443.807826234,313.200777739,414.736751951,39.8754262436,saab
40.1579634208,141.662282828,47.8234295988,425.388577207,saab
393.617724228,263.83902512,366.178129083,31.2566347854,saab
43.0520757468,111.174764115,38.9605033154,399.813024073,bus
45.2819304592,104.929065449,38.5664364259,393.484629202,bus
253.204879546,120.091178594,223.66584008,174.858836832,bus
48.3446463025,164.74486267,70.9657524345,452.649137432,van
37.1302871805,164.158394169,73.7501282615,451.055693477,saab
370.158733284,241.539992498,341.834884145,61.4418718637,opel
44.5826605993,102.455314045,60.8143520774,385.151276537,bus
348.740263271,216.371059932,317.660378421,80.7631290758,opel
44.4251463263,176.602929126,84.7689177623,460.776224233,opel
48.9234915568,178.361658369,85.7051924832,465.507770524,van
44.2985962092,123.984825588,40.9743751458,411.155267774,saab
47.2333571336,99.7181807699,63.0169312057,379.007203913,bus
218.174767162,85.8518291945,187.503568549,210.8880732,bus
447.583099576,315.420637524,418.19053124,39.8890338077,opel
303.407214196,174.23044618,279.343565558,133.035535171,opel
88.9945044714,56.8825454428,63.9507108529,343.098759569,bus
275.977215049,144.136490786,243.267424902,156.048648883,saab
210.451547455,80.9267506826,176.971915339,219.695762404,bus
70.2153788433,76.5180552291,53.7725786864,363.144798969,van
62.8681781676,74.704987625,42.8662036876,361.749783992,opel
124.373731254,54.4993025281,82.0957771057,318.243744036,bus
37.07478963,113.524735525,39.8981931745,395.713206525,saab
393.021419551,263.671217572,367.034682038,33.8849113635,saab
52.7353034135,93.4483342604,24.3705112501,380.595537044,saab
367.245557395,235.130644911,339.521761627,61.2130559449,saab
14.6235709083,130.488008553,50.2568345461,416.039080878,saab
127.919655355,71.6656554847,82.9748830586,326.234291297,opel
211.749601242,88.2577156743,174.750431812,228.100725159,opel
171.371995455,43.0988280125,136.575442224,260.418686768,saab
101.105298704,234.035671162,137.346303258,518.124816061,van
59.4100902719,80.0682869559,37.1765439301,367.243773015,bus
82.7336124324,58.5997028666,67.5160974775,341.70946785,van
55.8547690543,141.593323911,38.2511387881,426.512280501,van
266.497115606,133.355176038,237.661004413,166.734309661,saab
80.9210456316,192.527470705,87.4234386111,477.148096526,van
290.061474219,159.5981741,257.494043074,141.951220559,saab
37.466217131,108.27748416,54.7862593959,391.473003435,saab
127.685427618,19.6115215129,105.285593595,296.607295288,saab
46.5183837435,140.961354903,52.0443063033,429.213467657,van
113.226111061,33.8755985342,93.5861518527,312.288988948,van
242.763508844,115.915484626,207.193987892,195.591561725,opel
397.175413925,264.481575116,367.462633772,37.8607635701,saab
96.8912102624,60.0173889473,75.6449457571,341.556248981,van
44.6670037736,108.777146387,68.6222049966,387.376942806,bus
282.123122459,152.363095191,257.456456549,150.780478239,opel
187.629317075,68.5820528714,149.602109673,252.05929306,opel
322.059229376,193.117644393,295.599044347,100.910174998,bus
62.6316088418,111.862490478,24.4878749301,393.621935895,opel
85.7758965334,70.6327571036,45.6560403297,354.00112686,saab
490.657346451,359.070947552,461.497463502,75.5831159593,opel
60.067981705,80.322949249,50.0577028897,366.914091605,bus
310.037575184,178.377604469,280.280438523,116.81562232,bus
46.1388385865,108.717188963,70.1141656057,386.498994847,bus
101.500089784,49.2500637162,65.5571462054,332.219805277,bus
101.496404991,37.6776641533,79.0085730702,322.162901989,van
156.649025615,34.062994232,123.126734784,275.146733613,bus
91.6296318126,60.4871422374,83.7506550338,333.639230035,van
670.050471104,542.217134159,645.242381914,254.618139609,bus
143.835254462,48.9194539631,104.94648264,295.045537533,bus
35.1623040501,113.883772224,58.7070031478,393.022135023,bus
55.3822753786,174.785137171,74.2847024534,462.851774781,opel
733.375746685,604.11545666,706.805485844,315.53535304,bus
87.6656844273,218.931025613,119.130310243,504.14781842,saab
278.565066414,145.759482628,248.767489875,148.536683072,saab
159.908418872,53.5720353921,120.023978515,280.406779551,saab
60.59337114,95.4485619381,55.2254816058,381.570919251,bus
310.895186882,177.738341885,280.971365122,115.258893879,saab
85.7635495191,65.036560303,76.5073017338,339.184078073,van
218.50384625,88.9861830626,183.381368243,214.09170516,saab
23.7492615908,153.10161781,68.6142216934,437.806495861,van
74.5388625222,79.141019554,43.0805712426,360.093502882,saab
101.658766597,74.0890368142,57.7548441136,348.168051978,bus
47.6532436053,90.3094943849,35.4253838171,377.277121779,bus
144.954134905,32.4444444559,124.932306545,280.7333828,opel
422.52537986,293.156662855,394.306838919,27.534709334,opel
369.436718026,238.228852107,341.821127519,54.2225932441,saab
167.532347402,39.9238196576,141.591413647,258.925877073,opel
52.4324253312,139.620362326,48.3612015834,427.525235768,van
386.361933459,258.072976842,361.087992903,43.5851949417,opel
404.032687076,273.265178126,377.002939801,24.6551418189,saab
154.550895908,166.66988563,139.174909443,418.606108195,van
92.46532986,214.154174314,109.444238855,500.433332241,van
88.7649031212,62.6984686898,81.6616973776,337.747277144,van
205.123127477,78.7586336604,169.481291058,230.008789002,opel
501.159748609,372.025905786,475.102836046,84.6067338816,bus
329.89217212,198.97802737,304.448345074,105.418047877,saab
315.176107638,183.812711138,285.428254065,109.403211187,saab
438.138062289,306.885831175,408.743024917,27.7427831717,saab
97.2575355749,58.9381860601,66.139124719,342.351370989,bus
469.224903885,337.622013761,439.890932185,54.7577667378,opel
185.125213372,61.6581314674,149.738508803,247.059218039,saab
146.406908396,35.2868470687,116.231617981,290.61856482,bus
442.712360598,314.995067225,417.154030567,43.0975059384,opel
400.179648691,269.668420428,373.342771751,26.146307925,saab
139.596099609,41.5937468383,105.87161857,291.940555282,opel
429.871171662,297.202998935,400.824891466,38.5444161729,saab
83.2956855192,59.5025207537,62.97050753,345.571231178,van
285.13563093,154.597165485,252.834478698,145.10647683,opel
89.804458832,51.4370195098,62.710131706,337.310060654,van
55.6404441581,174.429980153,72.0993857019,460.805771251,van
333.624942452,201.313149039,301.507551843,99.3192721384,saab
107.353062491,49.9083136967,70.7562888978,331.522130812,bus
78.5540923575,203.301307364,101.513247503,488.595191563,opel
371.312268887,238.556427237,340.567883128,67.338106731,opel
463.359276616,333.570541229,435.425371354,51.5304824168,opel
551.832435642,425.743029979,528.194135729,143.586056489,bus
50.293667853,108.526452886,45.381033688,396.701117995,van
708.976110335,582.435378713,684.543138756,295.962332769,bus
55.0576645537,187.478107458,99.4012022995,470.682015822,van
69.518858061,79.7694739612,46.8388622683,359.647042554,opel
356.418833714,223.744997209,326.30607904,72.1902446187,saab
431.729953358,306.149687206,407.286494766,51.2256382889,bus
450.703788342,320.977110673,423.467445288,36.6807990386,bus
80.8857281979,63.1757831455,48.3280955407,350.36540414,van
422.607011331,292.259254047,394.866905702,16.0899725951,saab
54.5487710779,105.388335104,12.9370714843,391.88506991,bus
29.965066763,138.048371146,46.6351950633,425.978482576,opel
314.116459018,182.589356141,283.300293361,114.083379237,saab
88.6430280739,60.5020972864,62.8968887831,346.723750006,van
58.4435798537,83.9790639151,61.4624960329,365.718073409,bus
33.6105374267,153.423438157,62.2398105604,441.624905342,van
43.6634816077,105.768876216,63.9175658062,384.380641315,bus
73.5468043229,76.4447498266,50.5328489063,363.676041853,van
249.883358442,120.277160658,224.392242777,187.27456853,saab
177.031188851,54.9641262648,146.126263959,249.286707263,saab
101.059056131,233.134500613,133.574665332,518.36830171,van
141.540835189,65.176058304,98.3996210287,311.422438206,bus
72.4871604224,102.155585144,27.5408027949,381.669977622,saab
53.2587873136,172.680600462,74.7529893622,461.619292511,van
97.1522641327,227.407577657,128.534565073,514.934378749,van
300.482371573,170.20966358,275.585164366,133.724713565,saab
42.9169946071,96.5186074084,39.5453311857,381.688824854,saab
50.0720183946,94.2574462631,60.6694999039,375.448607692,bus
78.6638978573,77.7974843812,77.3517887226,353.90735796,van
254.808523457,124.257814145,221.27887296,176.03649854,opel
305.896465207,173.871620962,274.820864598,124.756353819,saab
33.2863489453,147.289308424,58.2691961382,436.009760691,van
417.922804626,285.985530012,388.183590094,30.5783946294,opel
391.291639862,263.467197533,366.48052693,44.8689560622,saab
48.3194932311,100.142324599,63.8038166459,378.521801774,bus
160.305857741,48.4348859403,122.834233089,276.272088742,saab
60.0723748999,92.0887744302,16.9997064266,378.422906307,bus
305.707235482,174.218705586,277.567343574,118.738363717,opel
53.7661940824,128.344918778,30.8995407505,413.768052921,saab
56.0285358198,103.109353485,74.6523503889,377.879500394,bus
333.681436142,202.396206921,301.038699204,103.984597023,opel
279.362319625,150.012476068,255.089723467,157.596406742,opel
40.0370331832,97.31357858,39.0015335415,382.304903471,bus
50.612202344,165.371342064,62.3556654891,452.685359182,van
178.010061587,64.0626207398,141.945460014,259.940020809,bus
284.914946653,152.720194395,255.604031695,140.987483906,saab
569.790097515,445.091669183,545.771720611,165.53803798,bus
393.141266755,262.62870326,363.794065673,38.506425673,saab
49.2358530556,177.760451102,86.1099426233,460.693329036,van
318.558098667,186.293504922,288.551753449,107.032801599,saab
59.5363067893,170.792170711,75.747149244,458.776318284,van
268.615491039,136.73567046,237.138043803,162.590500393,opel
426.884795028,296.658609476,399.617559948,16.6268402924,saab
108.861328423,240.572683769,141.617974913,526.766725238,van
33.8808947065,113.374495263,61.0172911443,393.349892612,bus
443.833554417,312.756326197,415.83461306,29.5500493758,saab
71.6656921135,196.136464167,94.5713213326,481.734913431,van
430.916419536,300.423675126,403.345121724,20.1950988636,saab
115.566346425,34.8399996563,87.2881161361,309.399617353,saab
38.593432422,114.529344607,66.7098374949,392.754712789,bus
34.5965724619,135.095603097,53.0772721472,423.025273262,van
356.727468842,229.884152077,330.762679906,73.5899083986,opel
289.714265831,159.627710552,259.53430143,136.204156391,bus
53.1104436633,91.512425255,22.3519936156,380.090569231,bus
56.7140901903,189.572750088,101.020031769,472.924462486,van
86.8566199326,213.162188429,113.111367327,500.311271528,opel
373.920959062,241.665646661,345.093917389,59.4758154052,saab
414.983480426,286.156086387,389.36722977,24.3548438326,opel
84.0888698111,73.9663976144,41.5699292589,357.598800079,bus
38.5070542383,101.662878063,30.2001691815,389.512562337,van
42.3012437892,172.398498184,75.5293189337,458.001467266,opel
129.312927529,25.5510151667,97.9786855321,302.969991943,opel
210.737837671,78.8803598879,180.975585698,220.431667458,bus
320.773277294,188.07985319,291.341884079,105.688313536,opel
47.5748780987,91.7710813713,49.3437819648,376.958497474,bus
77.8063726575,60.9301352046,58.5454611271,347.068758055,saab
380.962059825,252.73467387,356.096539464,48.7097815445,saab
54.3336951266,88.6963098221,58.3249467946,371.312792155,bus
28.467950859,145.311070384,63.3985916136,425.844310773,saab
409.994197552,280.035174534,383.515960579,21.3623504819,opel
28.5230613033,155.07759147,66.5465192072,440.570679708,opel
157.172465865,52.804630252,118.646512037,283.057855249,bus
77.0249818313,78.453635837,77.9693415298,353.092531241,van
41.8612926952,106.015052592,61.921676484,385.117697358,bus
65.3463298595,86.9719206184,66.8681465168,368.553222775,bus
101.446937983,47.5630715582,84.9211223347,326.420142176,van
440.602694756,309.968892917,411.997948561,30.5032361908,saab
265.4503099,134.542251267,233.23517749,165.290239331,opel
236.306321173,105.35443406,205.238558801,190.317768004,saab
28.0479807849,155.730584588,64.1590306862,440.019382548,saab
451.324735225,319.59327461,422.639418439,43.2867787911,opel
60.68376905,108.789729185,20.167176763,395.337357226,van
334.83276128,202.023121885,306.123222606,93.6124031211,opel
448.596487086,319.059865818,421.720724199,33.3627489591,opel
77.3162106295,67.4350456072,56.113953867,348.979449564,opel
208.289246545,75.7282244348,175.68690224,220.392020768,opel
456.570207116,328.890745653,431.067525358,54.41455888,opel
43.1533918263,171.984774838,81.5097565853,458.370484672,van
87.0084572103,63.7339530866,79.6724658749,339.729853292,van
87.6976067297,94.5803202366,39.9240806856,370.216444284,bus
134.707197381,26.1458902325,102.053049041,296.46052118,bus
400.493043917,269.216706718,372.553054502,26.9319404817,saab
103.532203812,39.2120845665,85.7056521974,319.714411965,saab
44.2033191753,173.062779869,84.3493735519,454.585283988,saab
757.308169391,630.819867297,732.579729735,343.768961976,bus
25.2688983953,127.462097802,52.589086497,413.99102263,van
99.5320241234,41.7600739469,74.71445388,328.109021848,saab
57.5312908434,84.4977702431,41.3132910646,369.052858569,van
41.6030002056,135.978017988,50.6864520221,424.40598914,van
76.7349622148,187.011294782,82.2727222024,470.968844424,opel
150.743432448,39.7072207042,116.308332542,281.654212143,saab
93.0083212735,49.1606608586,70.9072353049,334.241188093,van
456.509458419,325.089812784,427.137247988,45.3697368089,saab
42.711738739,156.219332914,57.5628527663,443.303427709,saab
92.6564883109,222.825283969,121.652778918,509.481380443,van